{"AUC": [0.5973786115646362, 0.7424560189247131, 0.8088815212249756, 0.8380561470985413, 0.8577042818069458, 0.8774670362472534, 0.8874636292457581, 0.8935626149177551, 0.8964107632637024, 0.9093118906021118, 0.914383590221405, 0.9178287982940674, 0.926762580871582, 0.9270635843276978, 0.9301164150238037, 0.9321913719177246, 0.936189591884613, 0.9416856169700623, 0.9435753226280212, 0.945765495300293, 0.9470986723899841, 0.9498844742774963, 0.9531973600387573, 0.9570848941802979, 0.9524821043014526, 0.9575783014297485, 0.9587388634681702, 0.9621660709381104, 0.961765468120575, 0.9636244773864746, 0.9683264493942261, 0.9649730920791626], "Precision": [0.06960556656122208, 0.17450980842113495, 0.22359155118465424, 0.2876480519771576, 0.3444612920284271, 0.4089635908603668, 0.3986577093601227, 0.4607464671134949, 0.47001224756240845, 0.5225653052330017, 0.544224739074707, 0.5379812717437744, 0.5903500318527222, 0.604186475276947, 0.5970287919044495, 0.6200527548789978, 0.6209813952445984, 0.6367313861846924, 0.645283043384552, 0.6563649773597717, 0.665229856967926, 0.6666666865348816, 0.6919463276863098, 0.687621533870697, 0.6715006232261658, 0.6991421580314636, 0.7032836079597473, 0.7278071641921997, 0.7105709314346313, 0.729608952999115, 0.7575757503509521, 0.7284210324287415], "Recall": [0.009630818851292133, 0.02857142873108387, 0.04077046364545822, 0.0545746386051178, 0.07287319749593735, 0.09373997151851654, 0.09534510225057602, 0.11492776870727539, 0.12327447533607483, 0.14125201106071472, 0.1678972691297531, 0.16597110033035278, 0.2003210335969925, 0.2038523256778717, 0.20642054080963135, 0.22632423043251038, 0.23563402891159058, 0.2526484727859497, 0.27447831630706787, 0.2863563299179077, 0.2972712814807892, 0.30112358927726746, 0.3309791386127472, 0.34060993790626526, 0.3418940603733063, 0.36629214882850647, 0.3781701326370239, 0.39743179082870483, 0.4035313129425049, 0.419261634349823, 0.4574638903141022, 0.4443017542362213], "accuracy": [0.05650080367922783, 0.12873193621635437, 0.16757623851299286, 0.21187801659107208, 0.2288924604654312, 0.2571428716182709, 0.2683788239955902, 0.3001605272293091, 0.31203851103782654, 0.33354735374450684, 0.351845920085907, 0.3646869957447052, 0.3919743299484253, 0.4048154056072235, 0.41444623470306396, 0.41669341921806335, 0.42600321769714355, 0.469341903924942, 0.4686998426914215, 0.47351524233818054, 0.49566614627838135, 0.4895666241645813, 0.5191011428833008, 0.5245586037635803, 0.5104333758354187, 0.5393258333206177, 0.54831463098526, 0.5614767074584961, 0.5611556768417358, 0.5695024132728577, 0.5993579626083374, 0.5980738401412964], "loss": [4.383356094360352, 3.495168685913086, 3.099959135055542, 2.8519656658172607, 2.698244333267212, 2.5355353355407715, 2.44484543800354, 2.3543927669525146, 2.3179872035980225, 2.1948628425598145, 2.1237435340881348, 2.074679136276245, 1.9875261783599854, 1.9583271741867065, 1.9256978034973145, 1.8903414011001587, 1.844507098197937, 1.7665094137191772, 1.7304911613464355, 1.7041658163070679, 1.6783078908920288, 1.640213966369629, 1.5643811225891113, 1.5188219547271729, 1.5834347009658813, 1.4836044311523438, 1.4804596900939941, 1.4274452924728394, 1.401794672012329, 1.3723546266555786, 1.2923007011413574, 1.3143287897109985], "val_AUC": [0.8087713718414307, 0.8923745155334473, 0.9095873832702637, 0.9179943799972534, 0.9489572644233704, 0.9445338249206543, 0.9585930705070496, 0.9416531324386597, 0.9514225125312805, 0.958345890045166, 0.9607732892036438, 0.9705427289009094, 0.9418344497680664, 0.966334879398346, 0.9616500735282898, 0.9716084003448486, 0.9812742471694946, 0.9565595388412476, 0.984438419342041, 0.9742531776428223, 0.9753463864326477, 0.9884176254272461, 0.9843634963035583, 0.974104106426239, 0.9906337857246399, 0.9898321032524109, 0.9861814975738525, 0.9888508319854736, 0.9819883108139038, 0.991338849067688, 0.9753178358078003, 0.8415365815162659], "val_Precision": [0.27272728085517883, 0.4166666567325592, 0.3815789520740509, 0.369047611951828, 0.6206896305084229, 0.6521739363670349, 0.7142857313156128, 0.5795454382896423, 0.6549295783042908, 0.6976743936538696, 0.716312050819397, 0.8086419701576233, 0.6381579041481018, 0.7116564512252808, 0.7559523582458496, 0.7944444417953491, 0.7887324094772339, 0.6338028311729431, 0.826839804649353, 0.7706422209739685, 0.7537688612937927, 0.857740581035614, 0.7804877758026123, 0.7760617733001709, 0.8547717928886414, 0.8669201731681824, 0.8118081092834473, 0.8530465960502625, 0.7890625, 0.8576512336730957, 0.7570850253105164, 0.3888888955116272], "val_Recall": [0.017094017937779427, 0.09971509873867035, 0.08262108266353607, 0.0883190855383873, 0.1538461595773697, 0.21367521584033966, 0.2421652376651764, 0.14529915153980255, 0.2649572789669037, 0.25641027092933655, 0.2877492904663086, 0.37321937084198, 0.27635326981544495, 0.3304843306541443, 0.36182335019111633, 0.40740740299224854, 0.47863247990608215, 0.25641027092933655, 0.5441595315933228, 0.47863247990608215, 0.4273504316806793, 0.5840455889701843, 0.5470085740089417, 0.5726495981216431, 0.5868945717811584, 0.6495726704597473, 0.62678062915802, 0.6780626773834229, 0.5754985809326172, 0.68660968542099, 0.5327635407447815, 0.1794871836900711], "val_accuracy": [0.14245013892650604, 0.23361822962760925, 0.2678062617778778, 0.34757834672927856, 0.43874645233154297, 0.4273504316806793, 0.47578346729278564, 0.404558390378952, 0.4729344844818115, 0.5213675498962402, 0.5498575568199158, 0.5897436141967773, 0.45014244318008423, 0.5356125235557556, 0.5897436141967773, 0.6381766200065613, 0.6695156693458557, 0.4415954351425171, 0.6980056762695312, 0.6096866130828857, 0.621082603931427, 0.7179487347602844, 0.6723646521568298, 0.6666666865348816, 0.7435897588729858, 0.7663817405700684, 0.7150996923446655, 0.7549857497215271, 0.68660968542099, 0.7606837749481201, 0.6552706360816956, 0.2905983030796051], "val_loss": [2.9540932178497314, 2.462531805038452, 2.2630016803741455, 2.1641135215759277, 1.8046218156814575, 1.8054240942001343, 1.6312446594238281, 1.8987995386123657, 1.6623152494430542, 1.5642422437667847, 1.4801605939865112, 1.2841578722000122, 1.7357021570205688, 1.4165618419647217, 1.388177752494812, 1.220158576965332, 1.0371695756912231, 1.6442900896072388, 0.9944164752960205, 1.157392978668213, 1.2132093906402588, 0.90250164270401, 0.96937096118927, 1.1129117012023926, 0.8397529721260071, 0.7416539788246155, 0.9167901873588562, 0.7743275761604309, 0.9839714765548706, 0.72118079662323, 1.0907872915267944, 2.8158366680145264]}